ACCELEROMETER X (m/s²),ACCELEROMETER Y (m/s²),ACCELEROMETER Z (m/s²),LINEAR ACCELERATION X (m/s²),LINEAR ACCELERATION Y (m/s²),LINEAR ACCELERATION Z (m/s²),GYROSCOPE X (rad/s),GYROSCOPE Y (rad/s),GYROSCOPE Z (rad/s),MAGNETIC FIELD X (μT),MAGNETIC FIELD Y (μT),MAGNETIC FIELD Z (μT),Time since start in ms ,YYYY-MO-DD HH-MI-SS_SSS
-4.35719,0.002246,5.798744,0.884724,-0.372679,-1.961223,-0.429508,-0.037725,0.048805,43.5092,-10.3817,0.7989,4,2020-06-13 22:49:53:682
-4.35719,0.002246,5.798744,0.884724,-0.372679,-1.961223,-0.559438,-0.0111,-0.032135,43.1894,-10.5994,-0.1296,13,2020-06-13 22:49:53:691
-4.35719,0.002246,5.798744,1.000198,-0.619,-2.14018,-0.559438,-0.0111,-0.032135,43.1894,-10.5994,-0.1296,23,2020-06-13 22:49:53:701
-3.722383,-0.522369,5.99757,1.000198,-0.619,-2.14018,-0.559438,-0.0111,-0.032135,43.1894,-10.5994,-0.1296,33,2020-06-13 22:49:53:711
-3.722383,-0.522369,5.99757,1.000198,-0.619,-2.14018,-0.693628,-0.122925,-0.096035,43.1894,-10.5994,-0.1296,43,2020-06-13 22:49:53:721
-3.722383,-0.522369,5.99757,1.000198,-0.619,-2.14018,-0.693628,-0.122925,-0.096035,43.6123,-10.6506,-0.5321,53,2020-06-13 22:49:53:731
-4.038589,-0.699636,7.863665,0.940078,-1.057864,-0.46779,-0.693628,-0.122925,-0.096035,43.6123,-10.6506,-0.5321,64,2020-06-13 22:49:53:742
-4.038589,-0.699636,7.863665,0.940078,-1.057864,-0.46779,-0.480628,-0.07074,0.018985,43.6123,-10.6506,-0.5321,74,2020-06-13 22:49:53:752
-3.894859,-0.76671,7.176156,0.678436,-1.042289,-0.751277,-0.480628,-0.07074,0.018985,44.2315,-10.3622,-1.1325,83,2020-06-13 22:49:53:761
-3.894859,-0.76671,7.176156,0.678436,-1.042289,-0.751277,-0.480628,-0.07074,0.018985,44.2315,-10.3622,-1.1325,94,2020-06-13 22:49:53:772
-3.894859,-0.76671,7.176156,0.678436,-1.042289,-0.751277,-0.480628,-0.07074,0.018985,44.2315,-10.3622,-1.1325,104,2020-06-13 22:49:53:782
-3.894859,-0.76671,7.176156,0.678436,-1.042289,-0.751277,-0.480628,-0.07074,0.018985,44.2315,-10.3622,-1.1325,114,2020-06-13 22:49:53:792
-3.032479,-0.76671,7.089918,1.622142,-0.75642,-0.839434,-0.475303,0.073035,-0.066215,44.3487,-10.111,-1.252,123,2020-06-13 22:49:53:801
-3.032479,-0.76671,7.089918,1.622142,-0.75642,-0.839434,-0.475303,0.073035,-0.066215,44.3487,-10.111,-1.252,134,2020-06-13 22:49:53:812
-3.032479,-0.76671,7.089918,1.622142,-0.75642,-0.839434,-0.475303,0.073035,-0.066215,44.3487,-10.111,-1.252,143,2020-06-13 22:49:53:821
-4.436242,-1.030215,7.224066,0.889356,-0.805622,-0.767722,-0.583933,0.467085,-0.20573,43.9272,-10.1719,-0.9637,153,2020-06-13 22:49:53:831
-4.436242,-1.030215,7.224066,0.889356,-0.805622,-0.767722,-0.583933,0.467085,-0.20573,43.9272,-10.1719,-0.9637,164,2020-06-13 22:49:53:842
-4.436242,-1.030215,7.224066,0.889356,-0.805622,-0.767722,-0.583933,0.467085,-0.20573,43.9272,-10.1719,-0.9637,173,2020-06-13 22:49:53:851
-4.268557,-0.757128,6.179628,0.912676,-0.43553,-1.70804,-0.685108,0.00168,-0.28028,44.0041,-9.8674,-0.3679,184,2020-06-13 22:49:53:862
-4.268557,-0.757128,6.179628,0.912676,-0.43553,-1.70804,-0.685108,0.00168,-0.28028,44.0041,-9.8674,-0.3679,194,2020-06-13 22:49:53:872
-3.442109,-0.769105,7.489967,0.912676,-0.43553,-1.70804,-0.685108,0.00168,-0.28028,44.0041,-9.8674,-0.3679,204,2020-06-13 22:49:53:882
-3.442109,-0.769105,7.489967,1.749648,-0.305965,-0.581324,-0.874678,0.08049,-0.592325,44.2983,-9.3014,-0.1814,214,2020-06-13 22:49:53:892
-3.442109,-0.769105,7.489967,1.749648,-0.305965,-0.581324,-0.874678,0.08049,-0.592325,44.2983,-9.3014,-0.1814,223,2020-06-13 22:49:53:901
-5.080631,-1.169154,7.899597,1.749648,-0.305965,-0.581324,-0.874678,0.08049,-0.592325,44.2983,-9.3014,-0.1814,233,2020-06-13 22:49:53:911
-5.080631,-1.169154,7.899597,1.749648,-0.305965,-0.581324,-0.874678,0.08049,-0.592325,44.2983,-9.3014,-0.1814,243,2020-06-13 22:49:53:921
-5.128541,-1.82073,7.921157,-0.232363,-0.643722,0.02124,-0.897043,0.19764,-0.65942,44.272,-8.8704,-0.4987,253,2020-06-13 22:49:53:931
-5.128541,-1.82073,7.921157,-0.232363,-0.643722,0.02124,-0.897043,0.19764,-0.65942,44.272,-8.8704,-0.4987,263,2020-06-13 22:49:53:941
-5.128541,-1.82073,7.921157,-0.232363,-0.643722,0.02124,-0.897043,0.19764,-0.65942,44.272,-8.8704,-0.4987,273,2020-06-13 22:49:53:951
-4.630277,-2.338158,9.039855,0.328368,-1.140437,1.316636,-0.944968,0.034695,-0.68072,44.272,-8.8704,-0.4987,283,2020-06-13 22:49:53:961
-4.630277,-2.338158,9.039855,0.328368,-1.140437,1.316636,-0.944968,0.034695,-0.68072,44.1505,-7.4193,-1.7441,293,2020-06-13 22:49:53:971
-4.630277,-2.338158,9.039855,0.328368,-1.140437,1.316636,-0.944968,0.034695,-0.68072,44.1505,-7.4193,-1.7441,303,2020-06-13 22:49:53:981
-5.552545,-2.074653,9.061415,-0.656676,-0.474734,1.342382,-0.934318,0.41703,-0.55079,44.1505,-7.4193,-1.7441,313,2020-06-13 22:49:53:991
-5.552545,-2.074653,9.061415,-0.656676,-0.474734,1.342382,-0.934318,0.41703,-0.55079,44.6218,-6.5935,-2.0641,323,2020-06-13 22:49:54:001
-5.552545,-2.074653,9.061415,-0.656676,-0.474734,1.342382,-0.934318,0.41703,-0.55079,44.6218,-6.5935,-2.0641,334,2020-06-13 22:49:54:012
-5.734603,-2.685505,9.006318,-0.720577,-0.739461,1.36772,-1.013128,0.239175,-0.485825,44.6218,-6.5935,-2.0641,344,2020-06-13 22:49:54:022
-5.734603,-2.685505,9.006318,-0.720577,-0.739461,1.36772,-1.013128,0.239175,-0.485825,44.6218,-6.5935,-2.0641,356,2020-06-13 22:49:54:034
-6.113092,-2.99692,10.618489,-0.720577,-0.739461,1.36772,-1.013128,0.239175,-0.485825,45.66,-5.9779,-1.6789,364,2020-06-13 22:49:54:042
-6.113092,-2.99692,10.618489,-1.085253,-0.798021,3.159116,-1.057858,0.23598,-0.52523,45.66,-5.9779,-1.6789,373,2020-06-13 22:49:54:051
-6.113092,-2.99692,10.618489,-1.085253,-0.798021,3.159116,-1.057858,0.23598,-0.52523,45.66,-5.9779,-1.6789,384,2020-06-13 22:49:54:062
-6.122674,-3.413737,10.810129,-1.085253,-0.798021,3.159116,-1.057858,0.23598,-0.52523,45.66,-5.9779,-1.6789,394,2020-06-13 22:49:54:072
-6.122674,-3.413737,10.810129,-1.085253,-0.798021,3.159116,-1.019518,0.34887,-0.764855,46.1473,-4.8076,-1.288,403,2020-06-13 22:49:54:081
-6.122674,-3.413737,10.810129,-1.198253,-0.837528,3.252447,-1.019518,0.34887,-0.764855,46.1473,-4.8076,-1.288,414,2020-06-13 22:49:54:092
-6.855696,-3.717966,11.064053,-1.198253,-0.837528,3.252447,-1.019518,0.34887,-0.764855,46.1473,-4.8076,-1.288,424,2020-06-13 22:49:54:102
-6.855696,-3.717966,11.064053,-1.198253,-0.837528,3.252447,-1.019518,0.34887,-0.764855,46.2766,-3.9476,-1.1078,433,2020-06-13 22:49:54:111
-6.855696,-3.717966,11.064053,-2.713692,-1.116388,4.708267,-1.291093,0.200835,-1.00448,46.2766,-3.9476,-1.1078,444,2020-06-13 22:49:54:122
-9.028416,-4.750426,13.816482,-2.713692,-1.116388,4.708267,-1.291093,0.200835,-1.00448,46.2766,-3.9476,-1.1078,454,2020-06-13 22:49:54:132
-9.028416,-4.750426,13.816482,-2.713692,-1.116388,4.708267,-1.291093,0.200835,-1.00448,46.2766,-3.9476,-1.1078,465,2020-06-13 22:49:54:143
-9.028416,-4.750426,13.816482,-4.328114,-1.567163,7.036505,-1.159033,-0.059025,-0.892655,45.9376,-2.7341,-1.6924,474,2020-06-13 22:49:54:152
-9.50512,-5.138497,15.874216,-4.328114,-1.567163,7.036505,-1.159033,-0.059025,-0.892655,45.9376,-2.7341,-1.6924,484,2020-06-13 22:49:54:162
-9.50512,-5.138497,15.874216,-4.328114,-1.567163,7.036505,-1.159033,-0.059025,-0.892655,45.9376,-2.7341,-1.6924,493,2020-06-13 22:49:54:171
-8.714605,-4.04615,14.829779,-3.854298,-0.570975,8.150294,-0.624403,-0.19002,-0.57209,46.6336,-0.6953,-2.3022,504,2020-06-13 22:49:54:182
-8.714605,-4.04615,14.829779,-3.854298,-0.570975,8.150294,-0.624403,-0.19002,-0.57209,46.6336,-0.6953,-2.3022,514,2020-06-13 22:49:54:192
-8.714605,-4.04615,14.829779,-3.854298,-0.570975,8.150294,-0.624403,-0.19002,-0.57209,46.6336,-0.6953,-2.3022,524,2020-06-13 22:49:54:202
-8.539733,-3.454461,14.789055,-3.710857,0.4428,7.355807,-0.572218,-0.233685,-0.47624,46.821,0.2997,-2.5691,534,2020-06-13 22:49:54:212
-8.539733,-3.454461,14.789055,-3.710857,0.4428,7.355807,-0.572218,-0.233685,-0.47624,46.821,0.2997,-2.5691,543,2020-06-13 22:49:54:221
-8.539733,-3.454461,14.789055,-3.710857,0.4428,7.355807,-0.572218,-0.233685,-0.47624,46.821,0.2997,-2.5691,553,2020-06-13 22:49:54:231
-7.521646,-3.008898,15.404698,-2.96095,1.105841,8.371968,-0.135568,-0.197475,-0.387845,46.821,0.2997,-2.5691,564,2020-06-13 22:49:54:242
-7.521646,-3.008898,15.404698,-2.96095,1.105841,8.371968,-0.135568,-0.197475,-0.387845,46.6933,0.7885,-2.8108,574,2020-06-13 22:49:54:252
-7.521646,-3.008898,15.404698,-2.96095,1.105841,8.371968,-0.135568,-0.197475,-0.387845,46.6933,0.7885,-2.8108,583,2020-06-13 22:49:54:261
-7.054523,-3.167001,13.941048,-2.343631,1.052085,6.630889,-0.135568,-0.197475,-0.387845,46.6933,0.7885,-2.8108,594,2020-06-13 22:49:54:272
-7.054523,-3.167001,13.941048,-2.343631,1.052085,6.630889,-0.135568,-0.197475,-0.387845,46.6933,0.7885,-2.8108,603,2020-06-13 22:49:54:281
-7.054523,-3.167001,13.941048,-2.343631,1.052085,6.630889,-0.105748,-0.265635,-0.47411,46.9273,1.3322,-2.8374,613,2020-06-13 22:49:54:291
-5.8424,-3.739525,12.831931,-1.273609,0.610648,5.489001,-0.105748,-0.265635,-0.47411,46.9273,1.3322,-2.8374,624,2020-06-13 22:49:54:302
-5.8424,-3.739525,12.831931,-1.273609,0.610648,5.489001,-0.105748,-0.265635,-0.47411,46.9273,1.3322,-2.8374,634,2020-06-13 22:49:54:312
-5.8424,-3.739525,12.831931,-1.273609,0.610648,5.489001,-0.105748,-0.265635,-0.47411,46.9273,1.3322,-2.8374,644,2020-06-13 22:49:54:322
-6.232867,-4.64742,12.391159,-1.273609,0.610648,5.489001,-0.563698,0.064515,-0.79361,46.7072,2.6981,-3.0751,653,2020-06-13 22:49:54:331
-6.232867,-4.64742,12.391159,-1.874818,-0.383156,5.336323,-0.563698,0.064515,-0.79361,46.7072,2.6981,-3.0751,663,2020-06-13 22:49:54:341
-7.416244,-5.615202,15.649039,-1.874818,-0.383156,5.336323,-0.261238,0.149715,-0.65942,46.7072,2.6981,-3.0751,677,2020-06-13 22:49:54:355
-7.416244,-5.615202,15.649039,-3.172053,-1.059223,8.332918,-0.261238,0.149715,-0.65942,46.3891,3.885,-3.2137,684,2020-06-13 22:49:54:362
-7.416244,-5.615202,15.649039,-3.172053,-1.059223,8.332918,-0.261238,0.149715,-0.65942,46.3891,3.885,-3.2137,694,2020-06-13 22:49:54:372
-7.416244,-5.615202,15.649039,-3.172053,-1.059223,8.332918,-0.261238,0.149715,-0.65942,46.3891,3.885,-3.2137,703,2020-06-13 22:49:54:381
-6.963494,-5.519382,13.172092,-2.336092,-0.915809,5.161179,0.910262,-0.13677,-0.21851,46.3891,3.885,-3.2137,714,2020-06-13 22:49:54:392
-6.963494,-5.519382,13.172092,-2.336092,-0.915809,5.161179,0.910262,-0.13677,-0.21851,46.817,4.9805,-2.9382,723,2020-06-13 22:49:54:401
-5.106982,-4.836664,8.87217,-2.336092,-0.915809,5.161179,0.910262,-0.13677,-0.21851,46.817,4.9805,-2.9382,733,2020-06-13 22:49:54:411
-5.106982,-4.836664,8.87217,-0.738456,-0.419263,1.409365,1.001852,-0.218775,-0.185495,46.817,4.9805,-2.9382,744,2020-06-13 22:49:54:422
-5.106982,-4.836664,8.87217,-0.738456,-0.419263,1.409365,1.001852,-0.218775,-0.185495,46.5097,5.387,-2.8893,754,2020-06-13 22:49:54:432
-5.035116,-4.661793,7.736703,-0.738456,-0.419263,1.409365,1.001852,-0.218775,-0.185495,46.5097,5.387,-2.8893,764,2020-06-13 22:49:54:442
-5.035116,-4.661793,7.736703,-0.584072,-0.217998,0.315988,0.442727,-0.18789,-0.162065,46.5097,5.387,-2.8893,774,2020-06-13 22:49:54:452
-5.035116,-4.661793,7.736703,-0.584072,-0.217998,0.315988,0.442727,-0.18789,-0.162065,46.5097,5.387,-2.8893,783,2020-06-13 22:49:54:461
-4.512898,-4.355169,10.268746,-0.584072,-0.217998,0.315988,0.442727,-0.18789,-0.162065,46.1527,4.978,-3.4275,797,2020-06-13 22:49:54:475
-4.512898,-4.355169,10.268746,-0.303807,-0.085652,2.511835,0.442727,-0.18789,-0.162065,46.1527,4.978,-3.4275,804,2020-06-13 22:49:54:482
-4.512898,-4.355169,10.268746,-0.303807,-0.085652,2.511835,0.883637,-0.041985,-0.01616,46.1527,4.978,-3.4275,813,2020-06-13 22:49:54:491
-5.063863,-3.638914,9.094952,-0.303807,-0.085652,2.511835,0.883637,-0.041985,-0.01616,46.1527,4.978,-3.4275,823,2020-06-13 22:49:54:501
-5.063863,-3.638914,9.094952,-0.278037,0.532961,0.505024,0.883637,-0.041985,-0.01616,46.2784,4.5863,-3.7299,834,2020-06-13 22:49:54:512
-3.329521,-3.229284,7.753472,-0.278037,0.532961,0.505024,1.052972,-0.34764,-0.16313,46.2784,4.5863,-3.7299,843,2020-06-13 22:49:54:521
-3.329521,-3.229284,7.753472,-0.278037,0.532961,0.505024,1.052972,-0.34764,-0.16313,46.2784,4.5863,-3.7299,853,2020-06-13 22:49:54:531
-3.329521,-3.229284,7.753472,-0.278037,0.532961,0.505024,1.052972,-0.34764,-0.16313,47.0128,5.3264,-3.659,864,2020-06-13 22:49:54:542
-2.986964,-3.341872,8.184662,1.017922,0.469473,-0.287599,0.785657,-0.28161,-0.49754,47.0128,5.3264,-3.659,873,2020-06-13 22:49:54:551
-2.986964,-3.341872,8.184662,1.017922,0.469473,-0.287599,0.785657,-0.28161,-0.49754,47.0128,5.3264,-3.659,884,2020-06-13 22:49:54:562
-2.986964,-3.341872,8.184662,1.017922,0.469473,-0.287599,0.785657,-0.28161,-0.49754,47.0128,5.3264,-3.659,894,2020-06-13 22:49:54:572
-2.986964,-3.341872,8.184662,1.017922,0.469473,-0.287599,0.785657,-0.28161,-0.49754,47.0128,5.3264,-3.659,904,2020-06-13 22:49:54:582
-2.481514,-3.337081,9.775273,1.194202,0.154136,1.004802,0.767552,-0.063285,-0.53588,47.0128,5.3264,-3.659,914,2020-06-13 22:49:54:592
-2.481514,-3.337081,9.775273,1.194202,0.154136,1.004802,0.767552,-0.063285,-0.53588,46.9573,6.4366,-3.8136,924,2020-06-13 22:49:54:602
-2.481514,-3.337081,9.775273,1.194202,0.154136,1.004802,0.767552,-0.063285,-0.53588,46.9573,6.4366,-3.8136,933,2020-06-13 22:49:54:611
-2.675549,-3.749107,10.263955,1.454331,-0.395565,1.790447,0.767552,-0.063285,-0.53588,46.9573,6.4366,-3.8136,943,2020-06-13 22:49:54:621
-2.675549,-3.749107,10.263955,1.454331,-0.395565,1.790447,1.043387,0.918645,-0.364415,46.3144,6.3204,-4.4752,954,2020-06-13 22:49:54:632
-2.675549,-3.749107,10.263955,1.454331,-0.395565,1.790447,1.043387,0.918645,-0.364415,46.3144,6.3204,-4.4752,963,2020-06-13 22:49:54:641
-3.624167,-3.28438,9.521351,0.724931,-0.086557,0.470937,1.043387,0.918645,-0.364415,46.3144,6.3204,-4.4752,974,2020-06-13 22:49:54:652
-3.624167,-3.28438,9.521351,0.724931,-0.086557,0.470937,1.276622,0.971895,-0.240875,46.535,6.4015,-3.9907,983,2020-06-13 22:49:54:661
-3.624167,-3.28438,9.521351,0.724931,-0.086557,0.470937,1.276622,0.971895,-0.240875,46.535,6.4015,-3.9907,993,2020-06-13 22:49:54:671
-1.789214,-2.934637,5.664596,0.724931,-0.086557,0.470937,1.276622,0.971895,-0.240875,46.535,6.4015,-3.9907,1004,2020-06-13 22:49:54:682
-1.789214,-2.934637,5.664596,2.632399,-0.098119,-2.672558,0.977357,0.656655,-0.436835,46.535,6.4015,-3.9907,1013,2020-06-13 22:49:54:691
-1.789214,-2.934637,5.664596,2.632399,-0.098119,-2.672558,0.977357,0.656655,-0.436835,46.3699,6.7718,-3.0492,1024,2020-06-13 22:49:54:702
-2.807302,-4.429429,6.802458,2.632399,-0.098119,-2.672558,0.977357,0.656655,-0.436835,46.3699,6.7718,-3.0492,1033,2020-06-13 22:49:54:711
-2.807302,-4.429429,6.802458,0.851386,-2.005206,0.020206,0.580112,0.351,-0.51245,46.3699,6.7718,-3.0492,1044,2020-06-13 22:49:54:722
-2.807302,-4.429429,6.802458,0.851386,-2.005206,0.020206,0.580112,0.351,-0.51245,46.3699,6.7718,-3.0492,1054,2020-06-13 22:49:54:732
-4.625486,-4.764799,9.248263,0.851386,-2.005206,0.020206,0.580112,0.351,-0.51245,46.4836,7.3361,-2.2443,1064,2020-06-13 22:49:54:742
-4.625486,-4.764799,9.248263,0.851386,-2.005206,0.020206,0.580112,0.351,-0.51245,46.4836,7.3361,-2.2443,1078,2020-06-13 22:49:54:756
-5.308203,-4.24258,8.716462,-0.432123,-1.735013,0.623448,0.903872,0.288165,-0.334595,46.4836,7.3361,-2.2443,1083,2020-06-13 22:49:54:761
-5.308203,-4.24258,8.716462,-0.432123,-1.735013,0.623448,0.903872,0.288165,-0.334595,46.6523,8.3027,-1.3683,1094,2020-06-13 22:49:54:772
-5.308203,-4.24258,8.716462,-0.432123,-1.735013,0.623448,0.903872,0.288165,-0.334595,46.6523,8.3027,-1.3683,1107,2020-06-13 22:49:54:785
-6.105905,-2.814862,6.917442,-0.432123,-1.735013,0.623448,0.986942,0.147585,-0.055565,46.6523,8.3027,-1.3683,1113,2020-06-13 22:49:54:791
-6.105905,-2.814862,6.917442,-1.4574,-0.570378,-1.470564,0.986942,0.147585,-0.055565,46.5373,9.4494,0.0447,1124,2020-06-13 22:49:54:802
-6.105905,-2.814862,6.917442,-1.4574,-0.570378,-1.470564,0.986942,0.147585,-0.055565,46.5373,9.4494,0.0447,1134,2020-06-13 22:49:54:812
-6.105905,-2.814862,6.917442,-1.4574,-0.570378,-1.470564,0.986942,0.147585,-0.055565,46.5373,9.4494,0.0447,1144,2020-06-13 22:49:54:822
-5.071049,-2.295039,6.481461,-0.612882,-0.307834,-2.055739,0.821867,-0.13251,0.03496,46.5373,9.4494,0.0447,1153,2020-06-13 22:49:54:831
-5.071049,-2.295039,6.481461,-0.612882,-0.307834,-2.055739,0.821867,-0.13251,0.03496,46.6588,9.4211,0.4722,1163,2020-06-13 22:49:54:841
-5.071049,-2.295039,6.481461,-0.612882,-0.307834,-2.055739,0.821867,-0.13251,0.03496,46.6588,9.4211,0.4722,1174,2020-06-13 22:49:54:852
-3.511579,-2.10819,6.275448,-0.612882,-0.307834,-2.055739,0.502367,-0.551055,-0.25472,46.6588,9.4211,0.4722,1183,2020-06-13 22:49:54:861
-3.511579,-2.10819,6.275448,1.018653,-0.224001,-2.426967,0.502367,-0.551055,-0.25472,46.7075,8.7684,-0.1168,1193,2020-06-13 22:49:54:871
-3.511579,-2.10819,6.275448,1.018653,-0.224001,-2.426967,0.502367,-0.551055,-0.25472,46.7075,8.7684,-0.1168,1203,2020-06-13 22:49:54:881
-4.647046,-3.16221,8.206221,1.018653,-0.224001,-2.426967,0.559877,-0.840735,-0.460265,46.7075,8.7684,-0.1168,1214,2020-06-13 22:49:54:892
-4.647046,-3.16221,8.206221,-0.530315,-1.457639,-0.327686,0.559877,-0.840735,-0.460265,46.6849,8.8987,-0.8164,1223,2020-06-13 22:49:54:901
-4.647046,-3.16221,8.206221,-0.530315,-1.457639,-0.327686,0.559877,-0.840735,-0.460265,46.6849,8.8987,-0.8164,1234,2020-06-13 22:49:54:912
-5.154892,-3.365827,8.460144,-0.530315,-1.457639,-0.327686,0.915587,-0.893985,-0.381455,46.6849,8.8987,-0.8164,1244,2020-06-13 22:49:54:922
-5.154892,-3.365827,8.460144,-1.142801,-1.790921,-0.572716,0.915587,-0.893985,-0.381455,46.6849,8.8987,-0.8164,1253,2020-06-13 22:49:54:931
-5.837609,-3.682033,6.939002,-1.142801,-1.790921,-0.572716,0.915587,-0.893985,-0.381455,46.5455,8.7054,-2.17,1263,2020-06-13 22:49:54:941
-5.837609,-3.682033,6.939002,-1.142801,-1.790921,-0.572716,0.881507,-0.67992,-0.166325,46.5455,8.7054,-2.17,1273,2020-06-13 22:49:54:951
-5.837609,-3.682033,6.939002,-1.997303,-2.25518,-2.078333,0.881507,-0.67992,-0.166325,46.5455,8.7054,-2.17,1284,2020-06-13 22:49:54:962
-5.837609,-3.682033,6.939002,-1.997303,-2.25518,-2.078333,0.881507,-0.67992,-0.166325,46.5455,8.7054,-2.17,1294,2020-06-13 22:49:54:972
-5.41121,-3.547885,7.334259,-1.619825,-2.155609,-1.725033,0.891092,-0.314625,0.16063,46.2427,8.7014,-3.315,1303,2020-06-13 22:49:54:981
-5.41121,-3.547885,7.334259,-1.619825,-2.155609,-1.725033,0.891092,-0.314625,0.16063,46.2427,8.7014,-3.315,1313,2020-06-13 22:49:54:991
-5.41121,-3.547885,7.334259,-1.619825,-2.155609,-1.725033,0.891092,-0.314625,0.16063,46.2427,8.7014,-3.315,1324,2020-06-13 22:49:55:002
-4.929714,-2.73102,6.771317,-1.619825,-2.155609,-1.725033,0.891092,-0.314625,0.16063,46.2427,8.7014,-3.315,1334,2020-06-13 22:49:55:012
-4.929714,-2.73102,6.771317,-1.188485,-1.747815,-2.188516,1.083857,0.02937,0.368305,46.1524,9.3278,-4.7012,1343,2020-06-13 22:49:55:021
-4.929714,-2.73102,6.771317,-1.188485,-1.747815,-2.188516,1.083857,0.02937,0.368305,46.1524,9.3278,-4.7012,1353,2020-06-13 22:49:55:031
-4.625486,-2.242338,5.20466,-1.188485,-1.747815,-2.188516,1.083857,0.02937,0.368305,46.1524,9.3278,-4.7012,1363,2020-06-13 22:49:55:041
-4.625486,-2.242338,5.20466,-1.188485,-1.747815,-2.188516,1.083857,0.02937,0.368305,46.1524,9.3278,-4.7012,1373,2020-06-13 22:49:55:051
-4.625486,-2.242338,5.20466,-0.682044,-1.477978,-3.950634,0.929432,0.1593,0.404515,46.0541,9.1396,-5.0087,1384,2020-06-13 22:49:55:062
-3.73436,-1.65544,4.29437,-0.682044,-1.477978,-3.950634,0.929432,0.1593,0.404515,46.0541,9.1396,-5.0087,1394,2020-06-13 22:49:55:072
-3.73436,-1.65544,4.29437,-0.082031,-1.567619,-4.775388,0.929432,0.1593,0.404515,46.0541,9.1396,-5.0087,1404,2020-06-13 22:49:55:082
-4.321258,-1.775215,4.052424,-0.082031,-1.567619,-4.775388,0.682352,0.04641,0.07543,46.0877,8.125,-5.4756,1414,2020-06-13 22:49:55:092
-4.321258,-1.775215,4.052424,-0.082031,-1.567619,-4.775388,0.682352,0.04641,0.07543,46.0877,8.125,-5.4756,1424,2020-06-13 22:49:55:102
-4.321258,-1.775215,4.052424,-0.474923,-1.511514,-5.551875,0.682352,0.04641,0.07543,46.0877,8.125,-5.4756,1433,2020-06-13 22:49:55:111
-4.321258,-1.775215,4.052424,-0.474923,-1.511514,-5.551875,0.682352,0.04641,0.07543,46.0877,8.125,-5.4756,1444,2020-06-13 22:49:55:122
-4.189505,-1.782402,3.225977,-0.474923,-1.511514,-5.551875,0.548162,-0.1389,-0.02681,46.0921,7.7945,-5.5669,1453,2020-06-13 22:49:55:131
-4.189505,-1.782402,3.225977,-0.207227,-1.580262,-5.612763,0.548162,-0.1389,-0.02681,46.0921,7.7945,-5.5669,1464,2020-06-13 22:49:55:142
-4.189505,-1.782402,3.225977,-0.207227,-1.580262,-5.612763,0.548162,-0.1389,-0.02681,46.0921,7.7945,-5.5669,1474,2020-06-13 22:49:55:152
-4.582367,-1.509315,3.326588,-0.207227,-1.580262,-5.612763,0.239312,0.260475,0.099925,46.9026,7.3846,-5.4762,1483,2020-06-13 22:49:55:161
-4.582367,-1.509315,3.326588,-0.924941,-1.565862,-5.655992,0.239312,0.260475,0.099925,46.9026,7.3846,-5.4762,1493,2020-06-13 22:49:55:171
-4.582367,-1.509315,3.326588,-0.924941,-1.565862,-5.655992,0.239312,0.260475,0.099925,46.9026,7.3846,-5.4762,1503,2020-06-13 22:49:55:181
-5.202801,-1.262578,2.916957,-0.924941,-1.565862,-5.655992,0.239312,0.260475,0.099925,46.9026,7.3846,-5.4762,1513,2020-06-13 22:49:55:191
-5.202801,-1.262578,2.916957,-0.878241,-0.888227,-6.04712,0.081692,0.38082,0.325705,46.7454,7.0864,-5.8404,1523,2020-06-13 22:49:55:201
-5.202801,-1.262578,2.916957,-0.878241,-0.888227,-6.04712,0.081692,0.38082,0.325705,46.7454,7.0864,-5.8404,1533,2020-06-13 22:49:55:211
-4.529666,-0.603816,2.969658,-0.878241,-0.888227,-6.04712,0.081692,0.38082,0.325705,46.7454,7.0864,-5.8404,1543,2020-06-13 22:49:55:221
-4.529666,-0.603816,2.969658,-0.554446,-0.611688,-5.494077,-0.280408,0.445785,0.374695,46.5925,6.5358,-5.2707,1553,2020-06-13 22:49:55:231
-5.188429,-0.702031,3.199626,-0.554446,-0.611688,-5.494077,-0.280408,0.445785,0.374695,46.5925,6.5358,-5.2707,1564,2020-06-13 22:49:55:242
-5.188429,-0.702031,3.199626,-0.554446,-0.611688,-5.494077,-0.487018,0.55335,0.387475,46.5925,6.5358,-5.2707,1574,2020-06-13 22:49:55:252
-5.188429,-0.702031,3.199626,-1.722856,-1.008312,-5.06405,-0.487018,0.55335,0.387475,47.015,6.58,-4.6871,1583,2020-06-13 22:49:55:261
-6.077159,-1.030215,3.930254,-1.722856,-1.008312,-5.06405,-0.487018,0.55335,0.387475,47.015,6.58,-4.6871,1593,2020-06-13 22:49:55:271
-6.077159,-1.030215,3.930254,-1.722856,-1.008312,-5.06405,-0.487018,0.55335,0.387475,47.015,6.58,-4.6871,1604,2020-06-13 22:49:55:282
-6.077159,-1.030215,3.930254,-1.247476,-0.484603,-4.225528,-0.597778,0.369105,0.56107,47.015,6.58,-4.6871,1614,2020-06-13 22:49:55:292
-4.956065,-0.340311,4.440495,-1.247476,-0.484603,-4.225528,-0.597778,0.369105,0.56107,47.2063,5.8848,-3.8605,1624,2020-06-13 22:49:55:302
-4.956065,-0.340311,4.440495,-1.247476,-0.484603,-4.225528,-0.597778,0.369105,0.56107,47.2063,5.8848,-3.8605,1634,2020-06-13 22:49:55:312
-4.956065,-0.340311,4.440495,-1.247476,-0.484603,-4.225528,-0.597778,0.369105,0.56107,47.2063,5.8848,-3.8605,1643,2020-06-13 22:49:55:321
-5.653156,-0.833784,5.211846,-0.765257,-0.49245,-3.322976,-0.733033,0.53631,0.46096,47.2063,5.8848,-3.8605,1653,2020-06-13 22:49:55:331
-5.653156,-0.833784,5.211846,-0.765257,-0.49245,-3.322976,-0.733033,0.53631,0.46096,47.0814,4.7764,-2.9327,1663,2020-06-13 22:49:55:341
-6.256822,-1.185922,5.664596,-1.949874,-0.711917,-2.955577,-0.733033,0.53631,0.46096,47.0814,4.7764,-2.9327,1673,2020-06-13 22:49:55:351
-6.256822,-1.185922,5.664596,-1.949874,-0.711917,-2.955577,-0.858703,0.51501,0.45244,47.0814,4.7764,-2.9327,1685,2020-06-13 22:49:55:363
-6.256822,-1.185922,5.664596,-1.949874,-0.711917,-2.955577,-0.858703,0.51501,0.45244,46.9079,4.2612,-2.4219,1694,2020-06-13 22:49:55:372
-5.622014,-1.734492,6.383246,-0.804649,-1.077562,-1.973421,-0.858703,0.51501,0.45244,46.9079,4.2612,-2.4219,1704,2020-06-13 22:49:55:382
-5.622014,-1.734492,6.383246,-0.804649,-1.077562,-1.973421,-0.934318,0.484125,0.453505,46.9079,4.2612,-2.4219,1714,2020-06-13 22:49:55:392
-5.622014,-1.734492,6.383246,-0.804649,-1.077562,-1.973421,-0.934318,0.484125,0.453505,47.2779,3.7479,-1.5194,1723,2020-06-13 22:49:55:401
-5.622014,-1.734492,6.383246,-0.804649,-1.077562,-1.973421,-0.934318,0.484125,0.453505,47.2779,3.7479,-1.5194,1733,2020-06-13 22:49:55:411
-6.400552,-2.460328,7.228857,-1.389913,-1.655567,-1.057154,-1.041883,0.41277,0.67183,47.2779,3.7479,-1.5194,1744,2020-06-13 22:49:55:422
-6.400552,-2.460328,7.228857,-1.389913,-1.655567,-1.057154,-1.041883,0.41277,0.67183,47.4456,3.3087,-0.678,1754,2020-06-13 22:49:55:432
-6.400552,-2.460328,7.228857,-1.389913,-1.655567,-1.057154,-1.041883,0.41277,0.67183,47.4456,3.3087,-0.678,1764,2020-06-13 22:49:55:442
-5.751371,-2.098608,6.847973,-1.191045,-1.378301,-1.281624,-1.041883,0.41277,0.67183,47.4456,3.3087,-0.678,1773,2020-06-13 22:49:55:451
-5.751371,-2.098608,6.847973,-1.191045,-1.378301,-1.281624,-1.334758,-0.210255,0.68461,47.1117,2.7666,0.1613,1783,2020-06-13 22:49:55:461
-3.856531,-1.918945,9.947749,-1.191045,-1.378301,-1.281624,-1.334758,-0.210255,0.68461,47.1117,2.7666,0.1613,1794,2020-06-13 22:49:55:472
-3.856531,-1.918945,9.947749,1.091764,-0.771278,1.978514,-1.334758,-0.210255,0.68461,47.1117,2.7666,0.1613,1803,2020-06-13 22:49:55:481
-3.856531,-1.918945,9.947749,1.091764,-0.771278,1.978514,-1.495573,-0.180435,0.38215,47.1117,2.7666,0.1613,1814,2020-06-13 22:49:55:492
-5.186033,-2.096212,11.337139,1.091764,-0.771278,1.978514,-1.495573,-0.180435,0.38215,47.1117,2.7666,0.1613,1823,2020-06-13 22:49:55:501
-5.186033,-2.096212,11.337139,1.091764,-0.771278,1.978514,-1.495573,-0.180435,0.38215,46.8019,1.8734,0.0189,1834,2020-06-13 22:49:55:512
-5.186033,-2.096212,11.337139,-0.376259,-0.416842,3.9129,-1.398658,-0.291195,0.30334,46.8019,1.8734,0.0189,1843,2020-06-13 22:49:55:521
-3.729569,-2.026743,13.550582,-0.376259,-0.416842,3.9129,-1.398658,-0.291195,0.30334,46.8019,1.8734,0.0189,1853,2020-06-13 22:49:55:531
-3.729569,-2.026743,13.550582,-0.376259,-0.416842,3.9129,-1.398658,-0.291195,0.30334,46.4117,0.9048,-1.0719,1864,2020-06-13 22:49:55:542
-3.729569,-2.026743,13.550582,-0.376259,-0.416842,3.9129,-1.398658,-0.291195,0.30334,46.4117,0.9048,-1.0719,1873,2020-06-13 22:49:55:551
-3.729569,-2.026743,13.550582,-0.376259,-0.416842,3.9129,-1.398658,-0.291195,0.30334,46.4117,0.9048,-1.0719,1885,2020-06-13 22:49:55:563
-3.729569,-2.026743,13.550582,-0.376259,-0.416842,3.9129,-1.398658,-0.291195,0.30334,46.4117,0.9048,-1.0719,1893,2020-06-13 22:49:55:571
-3.044456,-2.311807,14.216531,2.052497,-0.370874,6.30943,-1.009933,0.168885,0.372565,46.0539,0.5522,-1.5336,1904,2020-06-13 22:49:55:582
-3.044456,-2.311807,14.216531,2.052497,-0.370874,6.30943,-1.009933,0.168885,0.372565,46.0539,0.5522,-1.5336,1913,2020-06-13 22:49:55:591
-3.044456,-2.311807,14.216531,2.052497,-0.370874,6.30943,-1.009933,0.168885,0.372565,46.0539,0.5522,-1.5336,1924,2020-06-13 22:49:55:602
-3.521161,-2.316598,14.357865,1.464847,-0.164592,6.448144,-0.523228,0.313725,0.455635,46.0539,0.5522,-1.5336,1933,2020-06-13 22:49:55:611
-3.521161,-2.316598,14.357865,1.464847,-0.164592,6.448144,-0.523228,0.313725,0.455635,46.4046,-0.0684,-1.3461,1944,2020-06-13 22:49:55:622
-3.480437,-2.831631,14.288396,1.464847,-0.164592,6.448144,-0.523228,0.313725,0.455635,46.4046,-0.0684,-1.3461,1953,2020-06-13 22:49:55:631
-3.480437,-2.831631,14.288396,1.464847,-0.164592,6.448144,-0.075928,0.445785,0.51208,46.4046,-0.0684,-1.3461,1964,2020-06-13 22:49:55:642
-3.480437,-2.831631,14.288396,1.764615,-0.709285,6.243138,-0.075928,0.445785,0.51208,46.4046,-0.0684,-1.3461,1974,2020-06-13 22:49:55:652
-2.965405,-2.860377,13.25833,1.764615,-0.709285,6.243138,-0.075928,0.445785,0.51208,45.9171,-1.161,-0.7312,1983,2020-06-13 22:49:55:661
-2.965405,-2.860377,13.25833,1.764615,-0.709285,6.243138,-0.075928,0.445785,0.51208,45.9171,-1.161,-0.7312,1993,2020-06-13 22:49:55:671
-2.225195,-2.570521,11.574294,2.85734,-0.623484,4.113793,0.252092,0.505425,0.459895,45.9171,-1.161,-0.7312,2004,2020-06-13 22:49:55:682
-2.225195,-2.570521,11.574294,2.85734,-0.623484,4.113793,0.252092,0.505425,0.459895,45.9171,-1.161,-0.7312,2013,2020-06-13 22:49:55:691
-2.225195,-2.570521,11.574294,3.339058,-0.516419,3.292248,0.252092,0.505425,0.459895,45.6251,-1.8339,-0.0057,2024,2020-06-13 22:49:55:702
-2.364134,-2.211196,10.393312,3.339058,-0.516419,3.292248,0.423557,0.481995,0.33955,45.6251,-1.8339,-0.0057,2033,2020-06-13 22:49:55:711
-2.364134,-2.211196,10.393312,3.339058,-0.516419,3.292248,0.423557,0.481995,0.33955,45.6251,-1.8339,-0.0057,2043,2020-06-13 22:49:55:721
-2.364134,-2.211196,10.393312,3.339058,-0.516419,3.292248,0.423557,0.481995,0.33955,45.6251,-1.8339,-0.0057,2054,2020-06-13 22:49:55:732
-2.203636,-1.835103,9.308151,3.329736,-0.306908,2.091906,0.588632,0.63429,0.342745,45.5793,-2.8295,1.1146,2064,2020-06-13 22:49:55:742
-2.203636,-1.835103,9.308151,3.329736,-0.306908,2.091906,0.588632,0.63429,0.342745,45.5793,-2.8295,1.1146,2074,2020-06-13 22:49:55:752
-2.203636,-1.835103,9.308151,3.329736,-0.306908,2.091906,0.588632,0.63429,0.342745,45.5793,-2.8295,1.1146,2084,2020-06-13 22:49:55:762
-2.091047,-0.931999,7.065963,3.544996,0.303292,-0.143088,0.570527,0.67263,0.25222,45.5793,-2.8295,1.1146,2094,2020-06-13 22:49:55:772
-2.091047,-0.931999,7.065963,3.544996,0.303292,-0.143088,0.570527,0.67263,0.25222,46.19,-3.2948,1.8632,2104,2020-06-13 22:49:55:782
-2.091047,-0.931999,7.065963,3.544996,0.303292,-0.143088,0.570527,0.67263,0.25222,46.19,-3.2948,1.8632,2114,2020-06-13 22:49:55:792
-2.091047,-0.931999,7.065963,3.544996,0.303292,-0.143088,0.570527,0.67263,0.25222,46.19,-3.2948,1.8632,2124,2020-06-13 22:49:55:802
-2.091047,-0.931999,7.065963,3.544996,0.303292,-0.143088,0.570527,0.67263,0.25222,46.19,-3.2948,1.8632,2135,2020-06-13 22:49:55:813
-2.091047,-0.931999,7.065963,3.544996,0.303292,-0.143088,0.570527,0.67263,0.25222,46.19,-3.2948,1.8632,2143,2020-06-13 22:49:55:821
-1.79161,-0.5056,6.196397,3.975427,0.830897,-1.293686,0.372437,0.49158,0.053065,45.9139,-3.6854,2.1774,2154,2020-06-13 22:49:55:832
-1.79161,-0.5056,6.196397,3.975427,0.830897,-1.293686,0.372437,0.49158,0.053065,45.9139,-3.6854,2.1774,2163,2020-06-13 22:49:55:841
-2.98936,-0.898462,5.360367,3.975427,0.830897,-1.293686,0.372437,0.49158,0.053065,45.9139,-3.6854,2.1774,2173,2020-06-13 22:49:55:851
-2.98936,-0.898462,5.360367,2.720664,0.487187,-2.229775,0.030572,-0.75234,-0.483695,46.2238,-2.7083,3.5967,2183,2020-06-13 22:49:55:861
-2.98936,-0.898462,5.360367,2.720664,0.487187,-2.229775,0.030572,-0.75234,-0.483695,46.2238,-2.7083,3.5967,2194,2020-06-13 22:49:55:872
-2.98936,-0.898462,5.360367,2.720664,0.487187,-2.229775,0.030572,-0.75234,-0.483695,46.2238,-2.7083,3.5967,2203,2020-06-13 22:49:55:881
-2.98936,-0.898462,5.360367,2.720664,0.487187,-2.229775,0.030572,-0.75234,-0.483695,46.2238,-2.7083,3.5967,2215,2020-06-13 22:49:55:893
-2.98936,-0.898462,5.360367,2.720664,0.487187,-2.229775,0.030572,-0.75234,-0.483695,46.2238,-2.7083,3.5967,2226,2020-06-13 22:49:55:904
-2.838443,-2.089026,6.220352,2.647762,-0.463197,-1.888652,-0.194143,-1.249695,-0.571025,46.3196,-2.3661,3.4561,2241,2020-06-13 22:49:55:919
-2.838443,-2.089026,6.220352,2.647762,-0.463197,-1.888652,-0.194143,-1.249695,-0.571025,46.3196,-2.3661,3.4561,2244,2020-06-13 22:49:55:922
-2.838443,-2.089026,6.220352,2.647762,-0.463197,-1.888652,-0.194143,-1.249695,-0.571025,46.3196,-2.3661,3.4561,2254,2020-06-13 22:49:55:932
-2.838443,-2.089026,6.220352,2.647762,-0.463197,-1.888652,-0.194143,-1.249695,-0.571025,46.3196,-2.3661,3.4561,2264,2020-06-13 22:49:55:942
-3.013315,-1.950087,9.224309,1.650413,-0.282049,1.165804,-0.101488,-0.90357,-0.36974,45.9207,-1.297,1.3046,2273,2020-06-13 22:49:55:951
-3.013315,-1.950087,9.224309,1.650413,-0.282049,1.165804,-0.101488,-0.90357,-0.36974,45.9207,-1.297,1.3046,2284,2020-06-13 22:49:55:962
-3.013315,-1.950087,9.224309,1.650413,-0.282049,1.165804,-0.101488,-0.90357,-0.36974,45.9207,-1.297,1.3046,2293,2020-06-13 22:49:55:971
-2.579729,-2.021952,8.354742,1.956725,-0.174662,0.111023,-0.232483,-0.295455,-0.590195,46.0435,-0.1034,-0.6899,2304,2020-06-13 22:49:55:982
-2.579729,-2.021952,8.354742,1.956725,-0.174662,0.111023,-0.232483,-0.295455,-0.590195,46.0435,-0.1034,-0.6899,2313,2020-06-13 22:49:55:991
-3.521161,-2.508238,8.869775,1.956725,-0.174662,0.111023,-0.232483,-0.295455,-0.590195,46.0435,-0.1034,-0.6899,2324,2020-06-13 22:49:56:002
-3.521161,-2.508238,8.869775,1.078339,-0.406485,0.605727,-0.232483,-0.295455,-0.590195,46.0435,-0.1034,-0.6899,2333,2020-06-13 22:49:56:011
-3.521161,-2.508238,8.869775,1.078339,-0.406485,0.605727,-0.278278,-0.16659,-0.717995,46.0723,0.6256,-2.3094,2344,2020-06-13 22:49:56:022
-4.448219,-3.047226,9.018295,1.078339,-0.406485,0.605727,-0.278278,-0.16659,-0.717995,46.0723,0.6256,-2.3094,2353,2020-06-13 22:49:56:031
-4.448219,-3.047226,9.018295,-0.242154,-1.028315,0.719669,-0.278278,-0.16659,-0.717995,46.0723,0.6256,-2.3094,2364,2020-06-13 22:49:56:042
-4.448219,-3.047226,9.018295,-0.242154,-1.028315,0.719669,-0.238873,-0.421125,-0.81278,46.2697,0.8385,-3.2604,2373,2020-06-13 22:49:56:051
-4.467383,-3.399364,8.982363,-0.242154,-1.028315,0.719669,-0.238873,-0.421125,-0.81278,46.2697,0.8385,-3.2604,2383,2020-06-13 22:49:56:061
-4.467383,-3.399364,8.982363,-0.298595,-1.071095,0.721109,-0.238873,-0.421125,-0.81278,46.2697,0.8385,-3.2604,2393,2020-06-13 22:49:56:071
-4.467383,-3.399364,8.982363,-0.298595,-1.071095,0.721109,-0.385843,-0.395565,-1.01939,46.2697,0.8385,-3.2604,2403,2020-06-13 22:49:56:081
-4.850663,-3.708384,9.763296,-0.298595,-1.071095,0.721109,-0.385843,-0.395565,-1.01939,46.7991,1.8522,-3.312,2413,2020-06-13 22:49:56:091
-4.850663,-3.708384,9.763296,-1.729405,-1.335586,2.055972,-0.385843,-0.395565,-1.01939,46.7991,1.8522,-3.312,2424,2020-06-13 22:49:56:102
-4.850663,-3.708384,9.763296,-1.729405,-1.335586,2.055972,-0.352828,-0.248595,-1.10459,46.7991,1.8522,-3.312,2434,2020-06-13 22:49:56:112
-4.850663,-3.708384,9.763296,-1.729405,-1.335586,2.055972,-0.352828,-0.248595,-1.10459,46.7991,1.8522,-3.312,2444,2020-06-13 22:49:56:122
-6.63052,-4.041358,10.283119,-1.729405,-1.335586,2.055972,-0.352828,-0.248595,-1.10459,46.252,3.6132,-3.2102,2454,2020-06-13 22:49:56:132
-6.63052,-4.041358,10.283119,-2.816431,-1.15144,2.085758,-0.311293,-0.267765,-1.071575,46.252,3.6132,-3.2102,2464,2020-06-13 22:49:56:142
-6.63052,-4.041358,10.283119,-2.816431,-1.15144,2.085758,-0.311293,-0.267765,-1.071575,46.252,3.6132,-3.2102,2473,2020-06-13 22:49:56:151
-6.810182,-4.288095,10.941882,-2.816431,-1.15144,2.085758,-0.311293,-0.267765,-1.071575,45.3496,4.8388,-3.5865,2484,2020-06-13 22:49:56:162
-6.810182,-4.288095,10.941882,-3.019623,-1.165735,3.011071,-0.089773,-0.195345,-1.033235,45.3496,4.8388,-3.5865,2493,2020-06-13 22:49:56:171
-6.810182,-4.288095,10.941882,-3.019623,-1.165735,3.011071,-0.089773,-0.195345,-1.033235,45.3496,4.8388,-3.5865,2504,2020-06-13 22:49:56:182
-7.20544,-4.036568,10.965837,-3.019623,-1.165735,3.011071,-0.089773,-0.195345,-1.033235,45.3496,4.8388,-3.5865,2513,2020-06-13 22:49:56:191
-7.20544,-4.036568,10.965837,-3.907723,-0.812165,2.200918,0.058262,-0.229425,-0.95336,45.3906,6.1797,-4.7707,2524,2020-06-13 22:49:56:202
-7.531228,-4.175506,10.376544,-3.907723,-0.812165,2.200918,0.058262,-0.229425,-0.95336,45.3906,6.1797,-4.7707,2534,2020-06-13 22:49:56:212
-7.531228,-4.175506,10.376544,-3.907723,-0.812165,2.200918,0.058262,-0.229425,-0.95336,45.3906,6.1797,-4.7707,2543,2020-06-13 22:49:56:221
-7.531228,-4.175506,10.376544,-3.907723,-0.812165,2.200918,0.058262,-0.229425,-0.95336,45.3906,6.1797,-4.7707,2553,2020-06-13 22:49:56:231
-7.056919,-4.007821,10.553811,-3.63074,-0.858125,2.135951,0.130682,-0.17085,-0.805325,45.6237,8.1978,-5.7517,2563,2020-06-13 22:49:56:241
-7.056919,-4.007821,10.553811,-3.63074,-0.858125,2.135951,0.130682,-0.17085,-0.805325,45.6237,8.1978,-5.7517,2573,2020-06-13 22:49:56:251
-7.056919,-4.007821,10.553811,-3.549321,-0.524948,1.763364,0.130682,-0.17085,-0.805325,45.6237,8.1978,-5.7517,2584,2020-06-13 22:49:56:262
-6.922771,-3.674847,10.146576,-3.549321,-0.524948,1.763364,0.248897,0.04215,-0.669005,45.8466,9.5681,-5.5405,2593,2020-06-13 22:49:56:271
-6.922771,-3.674847,10.146576,-3.549321,-0.524948,1.763364,0.248897,0.04215,-0.669005,45.8466,9.5681,-5.5405,2604,2020-06-13 22:49:56:282
-6.922771,-3.674847,10.146576,-3.222068,0.154423,1.085513,0.248897,0.04215,-0.669005,45.8466,9.5681,-5.5405,2613,2020-06-13 22:49:56:291
-6.585005,-3.078367,9.406366,-3.222068,0.154423,1.085513,0.272327,0.136935,-0.64025,45.8466,9.5681,-5.5405,2623,2020-06-13 22:49:56:301
-6.585005,-3.078367,9.406366,-3.222068,0.154423,1.085513,0.272327,0.136935,-0.64025,45.4277,10.7786,-5.506,2634,2020-06-13 22:49:56:312
-6.525118,-3.063994,9.288987,-3.084972,0.307683,0.751613,0.272327,0.136935,-0.64025,45.4277,10.7786,-5.506,2643,2020-06-13 22:49:56:321
-6.525118,-3.063994,9.288987,-3.084972,0.307683,0.751613,0.273392,0.18273,-0.62321,45.4277,10.7786,-5.506,2654,2020-06-13 22:49:56:332
-6.525118,-3.063994,9.288987,-3.084972,0.307683,0.751613,0.273392,0.18273,-0.62321,44.6108,11.6952,-4.9855,2663,2020-06-13 22:49:56:341
-6.431693,-3.087949,8.908102,-3.084972,0.307683,0.751613,0.273392,0.18273,-0.62321,44.6108,11.6952,-4.9855,2673,2020-06-13 22:49:56:351
-6.431693,-3.087949,8.908102,-3.090467,0.189274,0.341427,0.282977,0.21255,-0.50393,44.6108,11.6952,-4.9855,2683,2020-06-13 22:49:56:361
-6.431693,-3.087949,8.908102,-3.090467,0.189274,0.341427,0.282977,0.21255,-0.50393,44.4625,12.2757,-4.4154,2694,2020-06-13 22:49:56:372
-6.218494,-2.975361,8.75479,-3.090467,0.189274,0.341427,0.282977,0.21255,-0.50393,44.4625,12.2757,-4.4154,2703,2020-06-13 22:49:56:381
-6.218494,-2.975361,8.75479,-2.803542,0.304947,0.125618,0.277652,0.226395,-0.28667,44.4625,12.2757,-4.4154,2713,2020-06-13 22:49:56:391
-6.242449,-2.877145,8.390675,-2.803542,0.304947,0.125618,0.277652,0.226395,-0.28667,44.6102,13.264,-4.1984,2724,2020-06-13 22:49:56:402
-6.242449,-2.877145,8.390675,-2.803542,0.304947,0.125618,0.277652,0.226395,-0.28667,44.6102,13.264,-4.1984,2734,2020-06-13 22:49:56:412
-6.242449,-2.877145,8.390675,-2.803542,0.304947,0.125618,0.236117,0.222135,-0.223835,44.6102,13.264,-4.1984,2744,2020-06-13 22:49:56:422
-6.002898,-3.09274,9.272219,-2.791511,0.328484,-0.010252,0.236117,0.222135,-0.223835,44.6102,13.264,-4.1984,2753,2020-06-13 22:49:56:431
-6.002898,-3.09274,9.272219,-2.791511,0.328484,-0.010252,0.236117,0.222135,-0.223835,44.7827,13.9041,-4.0334,2763,2020-06-13 22:49:56:441
-6.002898,-3.09274,9.272219,-2.791511,0.328484,-0.010252,0.236117,0.222135,-0.223835,44.7827,13.9041,-4.0334,2774,2020-06-13 22:49:56:452
-5.741789,-3.131068,8.246945,-2.430321,-0.078662,0.084289,0.369242,0.396795,-0.04172,44.7827,13.9041,-4.0334,2783,2020-06-13 22:49:56:461
-5.741789,-3.131068,8.246945,-2.430321,-0.078662,0.084289,0.369242,0.396795,-0.04172,44.7827,13.9041,-4.0334,2794,2020-06-13 22:49:56:472
-5.741789,-3.131068,8.246945,-2.430321,-0.078662,0.084289,0.369242,0.396795,-0.04172,44.5381,14.1239,-4.1359,2803,2020-06-13 22:49:56:481
-5.79449,-2.929846,7.894806,-2.066734,0.019108,-0.605927,0.317057,0.513945,0.08395,44.5381,14.1239,-4.1359,2814,2020-06-13 22:49:56:492
-5.79449,-2.929846,7.894806,-2.066734,0.019108,-0.605927,0.317057,0.513945,0.08395,44.5381,14.1239,-4.1359,2824,2020-06-13 22:49:56:502
-5.79449,-2.929846,7.894806,-2.066734,0.019108,-0.605927,0.317057,0.513945,0.08395,44.9648,13.855,-3.6826,2834,2020-06-13 22:49:56:512
-5.528589,-2.448351,6.922233,-2.19577,-0.005375,-2.124401,0.084887,0.315855,0.0733,44.9648,13.855,-3.6826,2843,2020-06-13 22:49:56:521
-5.528589,-2.448351,6.922233,-2.19577,-0.005375,-2.124401,0.084887,0.315855,0.0733,44.9648,13.855,-3.6826,2853,2020-06-13 22:49:56:531
-5.528589,-2.448351,6.922233,-2.19577,-0.005375,-2.124401,0.084887,0.315855,0.0733,45.2515,13.5438,-2.7648,2864,2020-06-13 22:49:56:542
-5.653156,-3.042435,8.587106,-1.671437,-0.090373,0.016298,0.018857,0.132675,0.01579,45.2515,13.5438,-2.7648,2874,2020-06-13 22:49:56:552
-5.653156,-3.042435,8.587106,-1.671437,-0.090373,0.016298,0.018857,0.132675,0.01579,45.2515,13.5438,-2.7648,2884,2020-06-13 22:49:56:562
-5.250712,-2.841213,7.62651,-1.671437,-0.090373,0.016298,0.018857,0.132675,0.01579,45.2515,13.5438,-2.7648,2893,2020-06-13 22:49:56:571
-5.250712,-2.841213,7.62651,-1.671437,-0.090373,0.016298,0.018857,0.132675,0.01579,44.8144,13.1815,-2.1037,2904,2020-06-13 22:49:56:582